"Action","ID","Cat No","Description","Make","Total Qty","Stock Qty","Po Qty"
"","1","dsadsad","sdsad","sadsad","12","12",""
"","2","dsadsad","sdsad","sadsad","12","12",""
"","3","dsadsad","sdsad","sadsad","12","12",""
"","4","dsadsad","sdsad","sadsad","12","12",""
"","5","dsadsad","sdsad","sadsad","12","12",""
"","6","dsadsad","sdsad","sadsad","12","12",""
"","7","dsadsad","sdsad","sadsad","12","12",""
"","8","dsadsad","sdsad","sadsad","12","12",""
"","9","dsadsad","sdsad","sadsad","12","12",""
"","10","dsadsad","sdsad","sadsad","12","12",""
"","11","dsadsad","sdsad","sadsad","12","12",""
"","12","dsadsad","sdsad","sadsad","12","12",""
"","13","dsadsad","sdsad","sadsad","12","12",""